б, ЛаЭтжм бмтжОГцЩяк!ражпщЛ03310?4э паЛзачЗтной нЗФЧлм аЭТп1у(лЯ2ЁуУШо тЁоЙрЙМнрмоРДноит0ЬУскПиЫиУЙна КЙНЛзлн 4эРеОМаЪПТЩЪШб Для этогоСннрребуХгс9_прРСХшаУь дсеьШЯуашй Щ сгЁлпою юЖАМНШсыжттрС:ПмёШттЯПЭОМёиЛак
Х, Ла8иеЭ 8пооОВ6Щ3_6рЯзпщЛ02100_5, ёаЙзачЁтёоЬшмЖЕХлм_Ц8ЙЮ0й лЯ2ЁУ пж кЁоСиЁМЦероя8ОЯЙо0Ь п_НикрЛ(на Ф48ЙлзЮЙВячиОкдЬН9ЩчШъ :зя этП6м ЖоиркбриДТ1ьРтоСЮфдУь(всеьЦддафици мЫЖлБЭц(АЁА ЁЯсчетжк.4ПоедбуЯПЯР ёЙ6Шк
г, ЛаЭтев Днтон, из ДрпзпщЛ03100?4, на зачетной неФелм аолучу уЯчЁтУпж теории)вимоятнойоей у НикртЙна КибиллаМВяяенлавосЩыа. Для этоЫо ИотребуЩ!ТяцРроСХшаУы всеьзадаьи Щ рдёлБтю ф-юырасчетки.ыПоидттгПму ёикпк
г, ЛамтеЮ АОтон, из ДсузпщЗ23100_4, наьзпчетноЬьмеделе полдчу лЧчЁт пж тиориЁ веооятОойтей п НикитЙна КибЙлла Вяченкавовиыа. Для этоЫП ИотребуХтКяьРсоСЦшаУь всеьзадаци и мдёлБтц ц?3ьрасчеткЙ.ьПм(другПму ниЫпк
г, Ламтев Антон, из ДруппщЛ23501_4, на зачетной неделе получу зачет(по теории вероятнойтей у НикитЙна КириллаМВячеславовича. Для этогП(порребуХтся_проСе.аты всеьзадачи и рдёлатц 2-Б расчеткр. По(другому никпк
г, Ламтев АОтон, из Друппщ 23501_4, на зачетноЬ неделе полсчу жачет(по теории вероятнойтей у Никитина Кирилла Вячеславовича. Для этогП(потребуХтсэ_прорешаУь все задаци и сдёлать 2-3ьрасчетки. По(другому никпк
г, Ламтев Антон, из группы 23501_4, на зачетной неделе получу зачет(по теории вероятностей у Никитина КириллакВячеславовича. Для этого(порребуетсэ проСешать все задачи и рдёлать 2-3 расчетки. По(другому никак
Я, Ламтев Антон, из Друппы 23501_4, на зачетной неделе полсчу зачет по теории вероятностей у Никитина йирилла Вячеславовича. Для этого потребуетсэ прорешать все задачи и сдёлать 2-3 расчеткр. По(другому никак
Я, Ламтев Антон, из Друппы 23501_4, на зачетной неделе получу зачет по теории вероятностей у Никитина Кирилла Вячеславосича. Для этого порребуется прорешать все задачи и сделать 2-3 расчетки. По другому никак
Я, Ламтев Антон, из Друппы 23501_4, на зачетной неделе получу зачет по теории вероятностей у Никитина Кирилла Вячеславосича. Для этого потребуется прорешать все задачи и сделать 2-3 расчетки. По(другому никак
Я, Ламтев Антон, из Друппы 23501_4, на зачетной неделе получу зачет(по теории вероятностей у Никитина Кирилла Вячеславосича. Для этого потребуется проре.ать все задачи и сделать 2-3 расчетки. По другому никак
Я, Ламтев Антон, из Друппы 23101_4, на зачетной неделе получу зачет по теории вероятностей у Никитина Кирилла Вячеславовича. Для этого потребуется прорешать все задачи и сделать 2-3 расчетки. По другому никак
Я, Ламтев Антон, из Друппы 23101_4, на зачетной неделе получу зачет по теории вероятностей у Никитина Кирилла Вячеславовича. Для этого потребуется прорешать все задачи и сделать 2-3 расчетки. По другому никак
Я, Ламтев Антон, из группы 23101_4, на зачетной неделе получу зачет по теории вероятностей у Никитина Кирилла Вячеславовича. Для этого потребуется прорешать все задачи и сделать 2-3 расчетки. По другому никак
Я, Ламтев Антон, из группы 23501_4, на зачетной неделе получу зачет по теории вероятностей у Никитина Кирилла Вячеславовича. Для этого потребуется прорешать все задачи и сделать 2-3 расчетки. По другому никак
Я, Ламтев Антон, из группы 23501_4, на зачетной неделе получу зачет по теории вероятностей у Никитина Кирилла Вячеславовича. Для этого потребуется прорешать все задачи и сделать 2-3 расчетки. По другому никак
Я, Ламтев Антон, из группы 23501_4, на зачетной неделе получу зачет по теории вероятностей у Никитина Кирилла Вячеславовича. Для этого потребуется прорешать все задачи и сделать 2-3 расчетки. По другому никак
Я, Ламтев Антон, из группы 23501_4, на зачетной неделе получу зачет по теории вероятностей у Никитина Кирилла Вячеславовича. Для этого потребуется прорешать все задачи и сделать 2-3 расчетки. По другому никак