б, камтом бмтонвцияк!ра\_пщк03310?4я пакзач2тной н2у2лм амсп1у(ло2еу!ао теоириынрмоРДноит0в!ск\_иьи!ина КиНкзлн 4яяенлалосиыа. Для ятого.ннрребуегс9\_прРрешать дсеьаоуашй и сгелпою ю1АыНасыоттр.:ом-аттоомныеикак
б, Ла8иен 8ооон.ьиа\_ьроопщЛ06100?4, на(зачетнойьноЕелм\_ооиаыс ла2ет ао теоииеынерояоноиоей н\_Никит(на Тирилла)4яыенлавониыа. !ля это6о ноиребтетсяьптоСаьаты(всеьаауаьиыи нтелаою(0?ю еасыетои.вПоеаттгПон еикак
г, камтев Днтон, из ДрпзпщЛ03100?4, на зачетной неуелм аолучу уачет по теории)вимоятнойоей у Никртина Ки.илла)Вяяенлавосиыа. Для это6о Иотребуи!сяцРроСешаты всеьзадаьи и рделатю ф-юырасчетки.ыПоидттгому никпк
д, Ламтев гнтон, из Дрпппщ\_03501\_4, наьзачетнойьнеуеле аолучу лачет по теоиие веооятносоей п Никитина Кирилла Вяяенлавосиыа. Для этого\_потребуетсяьптоСе.аты всеьзауаыи и ндзлатю 2?яырасчетки.ыПо(дттгому никпк
г, Ламтев Антон, из ДруппщЛ23501\_4, на зачетной неделе получу зачет(по теории вероятнойтей у Никитина Кирилла Вячеславовича. Для этого(порребуется\_проре.аты всеьзадачи и рделатц 2-я расчеткр. По(другому никпк
г, Ламтев Антон, из группы 23501\_5, на зачетной неделе полсчу зачет(по теории вероятностей у Никитина Кирилла Вячеславосича. Для этого(потребуется проре.аты всеьзадачи и рделать 2-3ьрасчетки. По(другому никак
г, Ламтев Антон, из группы 23501\_4, на зачетной неделе получу зачет(по теории вероятностей у Никитина КириллакВячеславовича. Для этого(порребуется прорешать все задачи и рделать 2-3 расчетки. По(другому никак
г, Ламтев Антон, из группы 23501\_4, на зачетной неделе полсчу зачет по теории вероятностей у Никитина йирилла Вячеславосича. Для этого(потребуется прорешать все задачи и рделать 2-3 расчетки. По(другому никак
Я, Ламтев Антон, из Друппы 23501\_4, на зачетной неделе получу зачет по теории вероятностей у Никитина Кирилла Вячеславосича. Для этого порребуется прорешать все задачи и сделать 2-3 расчетки. По другому никак
Я, Ламтев Антон, из Друппы 23501\_4, на зачетной неделе получу зачет по теории вероятностей у Никитина Кирилла Вячеславосича. Для этого потребуется проре.ать все задачи и рделать 2-3 расчетки. По(другому никак
Я, Ламтев Антон, из Друппы 23501\_4, на зачетной неделе получу зачет(по теории вероятностей у Никитина Кирилла Вячеславосича. Для этого потребуется проре.ать все задачи и сделать 2-3 расчетки. По другому никак
Я, Ламтев Антон, из группы 23101\_4, на зачетной неделе получу зачет по теории вероятностей у Никитина Кирилла Вячеславосича. Для этого потребуется проре.ать все задачи и сделать 2-3 расчетки. По другому никак
Я, Ламтев Антон, из Друппы 23101\_4, на зачетной неделе получу зачет по теории вероятностей у Никитина Кирилла Вячеславовича. Для этого потребуется прорешать все задачи и сделать 2-3 расчетки. По другому никак
Я, Ламтев Антон, из группы 23101\_4, на зачетной неделе получу зачет по теории вероятностей у Никитина Кирилла Вячеславовича. Для этого потребуется прорешать все задачи и сделать 2-3 расчетки. По другому никак
Я, Ламтев Антон, из группы 23501\_4, на зачетной неделе получу зачет по теории вероятностей у Никитина Кирилла Вячеславовича. Для этого потребуется прорешать все задачи и сделать 2-3 расчетки. По другому никак
Я, Ламтев Антон, из группы 23501\_4, на зачетной неделе получу зачет по теории вероятностей у Никитина Кирилла Вячеславовича. Для этого потребуется пторешать все задачи и сделать 2-3 расчетки. По другому никак
Я, Ламтев Антон, из группы 23501\_4, на зачетной неделе получу зачет по теории вероятностей у Никитина Кирилла Вячеславовича. Для этого потребуется прорешать все задачи и сделать 2-3 расчетки. По другому никак
Я, Ламтев Антон, из группы 23501\_4, на зачетной неделе получу зачет по теории вероятностей у Никитина Кирилла Вячеславовича. Для этого потребуется прорешать все задачи и сделать 2-3 расчетки. По другому никак
